{"loss_burgers":0.025673281401395798,"loss_ubcl":0.0009116764995269477,"epoch":1499,"_wandb":{"runtime":8},"_step":1499,"loss_ubcr":0.0005245135980658233,"train_loss":0.04374320060014725,"_timestamp":1.7406983747203846e+09,"learning_rate":0.00046329123015975297,"loss_computation_time":0.0018999576568603516,"_runtime":8.095705951,"loss_uic":0.016633732244372368}