{"_step":49999,"loss_burgers":0.002133456990122795,"train_loss":0.00595284765586257,"loss_uic":0.003814011812210083,"learning_rate":7.274491561439046e-15,"_runtime":712.797869946,"loss_ubcl":2.5949173050321406e-06,"loss_computation_time":0.00769805908203125,"epoch":49999,"_wandb":{"runtime":712},"_timestamp":1.7406977698598547e+09,"loss_ubcr":2.7835915261675837e-06}