{"loss_ubcl":1.1850860346385161e-06,"loss_computation_time":0.0013442039489746094,"learning_rate":7.69449752767131e-05,"_timestamp":1.7430834801597378e+09,"loss_elliptic":2.3345393856288865e-05,"test_loss":0.0007836110661746437,"_runtime":951.196905913,"train_loss":3.528435154294129e-05,"loss_ubcr":2.9931104563729605e-06,"epoch":4999,"_step":4999,"_wandb":{"runtime":951}}