{"learning_rate":0.0006634204312890621,"loss_uic":0.01643023081123829,"loss_ubcl":0.0009206177201122046,"train_loss":0.03636128827929497,"loss_computation_time":0.0041577816009521484,"_wandb":{"runtime":13},"loss_burgers":0.01869780756533146,"loss_ubcr":0.00031263395794667304,"_runtime":13.461976997,"_step":1499,"_timestamp":1.7425023436731412e+09,"epoch":1499}