{"_step":100,"weight_w0":0.9736192007643905,"epoch":100,"learning_rate":0.001,"weight_cond":0.9762472167132913,"w0":0.01268056035041809,"_wandb":{"runtime":29},"_runtime":27.5725468,"cond":0.0075468444265425205,"train_loss":0.024509893730282784,"weight_nvs":1.2029059935154574,"nvs":0.003987235948443413,"loss_computation_time":0.10743284225463867,"_timestamp":1.7416385870819013e+09}