{"epoch":4999,"_runtime":10.849939313,"_step":4999,"loss_computation_time":0.0005829334259033203,"loss_burgers":0.01637815497815609,"loss_ubcr":0.00010089776333188638,"train_loss":0.029975200071930885,"loss_ubcl":0.0003118333115708083,"learning_rate":0.00027738957312183364,"_wandb":{"runtime":10},"_timestamp":1.7428267928663597e+09,"loss_uic":0.013184314593672752}