{"_wandb":{"runtime":2233},"loss_ubcl":0.16893716156482697,"learning_rate":7.274491561439046e-15,"_step":49999,"loss_uic":3.265441417694092,"loss_heat":4.725008487701416,"_timestamp":1.7406961541265795e+09,"loss_computation_time":0.012524127960205078,"train_loss":8.260311126708984,"_runtime":2233.490877343,"epoch":49999,"loss_ubcr":0.10092440992593765}