{"loss_computation_time":0.0022721290588378906,"loss_burgers":0.009266050532460213,"loss_ubcr":0.00011636582348728552,"_timestamp":1.7425050544108746e+09,"_step":4999,"_wandb":{"runtime":46},"epoch":4999,"_runtime":46.636434064,"learning_rate":0.00027738957312183364,"train_loss":0.01998916268348694,"loss_uic":0.010267102159559727,"loss_ubcl":0.00033964443719014525}