{"loss_ubcr":1.7049103462341009e-06,"train_loss":3.0726251733379764e-05,"learning_rate":7.69449752767131e-05,"epoch":4999,"test_loss":0.0006176233704778287,"_timestamp":1.7430124358495302e+09,"_step":4999,"loss_computation_time":0.0010843276977539062,"loss_elliptic":2.1570145690930076e-05,"loss_ubcl":1.3290275546751218e-06,"_runtime":1792.758370536,"_wandb":{"runtime":1792}}