{"loss_computation_time":0.0014538764953613281,"_wandb":{"runtime":511},"test_loss":0.0014704496606440436,"loss_elliptic":7.356628339039162e-05,"_timestamp":1.7430818726671984e+09,"_runtime":511.208929581,"learning_rate":7.69449752767131e-05,"epoch":4999,"train_loss":0.0001317526926868595,"_step":4999,"loss_ubcl":1.4205278603185434e-05,"loss_ubcr":1.5468162018805742e-05}