{"loss_ubcl":0.04302630573511124,"train_loss":4.586254596710205,"loss_computation_time":0.0016875267028808594,"_timestamp":1.7425026246298954e+09,"_runtime":259.312005379,"_wandb":{"runtime":259},"epoch":49999,"_step":49999,"learning_rate":7.274491561439046e-15,"loss_ubcr":0.30625995993614197,"loss_heat":2.50939679145813,"loss_uic":1.7275712490081787}