{"cond":0.0075468444265425205,"_step":100,"learning_rate":0.001,"nvs":0.003987235948443413,"epoch":100,"weight_nvs":1.2029059935154574,"weight_w0":0.9736192007643905,"weight_cond":0.9762472167132913,"train_loss":0.024509893730282784,"_timestamp":1.7416383787314124e+09,"w0":0.01268056035041809,"_wandb":{"runtime":31},"loss_computation_time":0.1215817928314209,"_runtime":30.4406987}