{"_timestamp":1.7430241205523455e+09,"learning_rate":7.69449752767131e-05,"_runtime":112.011973484,"loss_elliptic":0.0004569317970890552,"test_loss":0.006796044581652455,"train_loss":0.0007565455744042993,"loss_ubcr":0.00020200005383230746,"epoch":4999,"loss_computation_time":0.002219676971435547,"loss_ubcl":9.76137671386823e-05,"_wandb":{"runtime":112},"_step":4999}