{"train_loss":2.5064759254455566,"learning_rate":7.274491561439046e-15,"_step":49999,"_runtime":258.779046095,"loss_ubcl":0.012616858817636967,"loss_uic":0.8399788737297058,"_timestamp":1.7424956895381973e+09,"loss_ubcr":0.024075793102383614,"loss_computation_time":0.0021872520446777344,"loss_heat":1.6298044919967651,"epoch":49999,"_wandb":{"runtime":258}}