{"loss_uic":0.009066549129784107,"epoch":4999,"_timestamp":1.7406934067231193e+09,"_runtime":34.032599152,"_step":4999,"loss_burgers":0.005518276244401932,"_wandb":{"runtime":34},"train_loss":0.014620000496506691,"learning_rate":7.69449752767131e-05,"loss_computation_time":0.0020029544830322266,"loss_ubcr":1.3124767065164633e-05,"loss_ubcl":2.2050064217182808e-05}