{"_timestamp":1.7406993680068111e+09,"learning_rate":0.0006634204312890621,"epoch":1499,"loss_burgers":0.024187199771404266,"_runtime":5.7691099569999995,"loss_ubcl":0.0009563746280036867,"train_loss":0.041084859520196915,"loss_ubcr":0.0004090847505722195,"loss_uic":0.015532199293375015,"loss_computation_time":0.0009076595306396484,"_wandb":{"runtime":5},"_step":1499}