{"weight_u0":0.19999419152736664,"epoch":10003,"_runtime":84793.925176682,"train_loss":0.002217547269538045,"_wandb":{"runtime":84794},"weight_w0":0.1999940723180771,"learning_rate":0.00059049,"loss_u0":4.19230927946046e-05,"loss_cond":0.0005126281757839024,"loss_w0":0.000524900620803237,"loss_v0":5.812771269120276e-05,"weight_cond":0.19999535381793976,"weight_nvs":0.2000221610069275,"loss_computation_time":3.141589879989624,"weight_v0":0.19999422132968903,"_timestamp":1.7343021317146301e+09,"_step":30011,"loss_nvs":0.009949084371328354}