{"train_loss":0.0007565455744042993,"epoch":4999,"_timestamp":1.7430106376524985e+09,"learning_rate":7.69449752767131e-05,"loss_ubcr":0.00020200005383230746,"loss_ubcl":9.76137671386823e-05,"_runtime":119.58573364,"loss_elliptic":0.0004569317970890552,"loss_computation_time":0.003528594970703125,"_step":4999,"_wandb":{"runtime":119},"test_loss":0.006796044581652455}