{"learning_rate":7.69449752767131e-05,"_runtime":70.920764929,"loss_ubcr":3.521896724123508e-05,"_step":4999,"_timestamp":1.7406934825147731e+09,"loss_computation_time":0.00993800163269043,"loss_uic":0.008182601071894169,"loss_burgers":0.004763215314596891,"loss_ubcl":4.587381681631086e-06,"epoch":4999,"train_loss":0.012985622510313988,"_wandb":{"runtime":70}}