{"train_loss":0.012871770188212395,"loss_ubcr":1.0821931027749088e-05,"loss_ubcl":1.6952730220509693e-05,"epoch":4999,"_step":4999,"loss_uic":0.008051578886806965,"_timestamp":1.7406912365867405e+09,"_wandb":{"runtime":71},"_runtime":71.230896789,"loss_buergers":0.004792416468262672,"learning_rate":7.69449752767131e-05,"loss_computation_time":0.010221004486083984}