{"train_loss":11.44264030456543,"loss_heat":0.7904894351959229,"epoch":49999,"_wandb":{"runtime":1099},"_timestamp":1.7425037281272075e+09,"loss_ubcl":0.06792112439870834,"loss_computation_time":0.00896596908569336,"_step":49999,"loss_ubcr":0.05513901263475418,"learning_rate":7.274491561439046e-15,"loss_uic":10.529091835021973,"_runtime":1099.540166337}