{"loss_ubcr":0.48291486501693726,"_wandb":{"runtime":216},"loss_computation_time":0.01886606216430664,"loss_uic":19.47738265991211,"_timestamp":1.7406930508649964e+09,"train_loss":24.211824417114258,"loss_heat":4.027745246887207,"epoch":4999,"learning_rate":7.69449752767131e-05,"_runtime":216.608806005,"loss_ubcl":0.22378410398960114,"_step":4999}