{"epoch":4999,"loss_computation_time":0.0010170936584472656,"loss_elliptic":2.2503212676383555e-05,"train_loss":3.086889773840085e-05,"_runtime":1552.323489673,"learning_rate":7.69449752767131e-05,"_timestamp":1.743085039009651e+09,"loss_ubcl":1.3402409422269557e-06,"_step":4999,"_wandb":{"runtime":1552},"test_loss":0.0005946543481562909,"loss_ubcr":1.662827799009392e-06}