{"_runtime":45.448794762,"loss_computation_time":0.007003307342529297,"loss_heat":4.866589069366455,"loss_uic":17.4703311920166,"loss_ubcr":0.350459486246109,"_timestamp":1.7406924839328957e+09,"train_loss":23.014625549316406,"_wandb":{"runtime":45},"loss_ubcl":0.32724514603614807,"epoch":4999,"_step":4999,"learning_rate":7.69449752767131e-05}