{"_step":4999,"train_loss":6.104858299035445e-05,"loss_computation_time":0.0010752677917480469,"loss_ubcl":2.8977055990253575e-06,"loss_elliptic":4.255169187672436e-05,"test_loss":0.0008724191161767694,"_wandb":{"runtime":643},"learning_rate":7.69449752767131e-05,"_runtime":643.281336967,"_timestamp":1.7430825225933135e+09,"loss_ubcr":2.404309952908079e-06,"epoch":4999}