{"_runtime":108.063524147,"loss_elliptic":0.0004569317970890552,"loss_ubcl":9.76137671386823e-05,"_timestamp":1.742149228611619e+09,"loss_computation_time":0.002778768539428711,"test_loss":0.006796044581652455,"learning_rate":7.69449752767131e-05,"_step":4999,"_wandb":{"runtime":108},"train_loss":0.0007565455744042993,"loss_ubcr":0.00020200005383230746,"epoch":4999}