{"loss_ubcr":0.0030671441927552223,"_runtime":148.043975822,"loss_computation_time":0.002934694290161133,"loss_elliptic":4.914541477774037e-06,"train_loss":0.005916844122111797,"_step":4999,"learning_rate":7.69449752767131e-05,"loss_ubcl":0.002844785340130329,"_timestamp":1.7445793359199324e+09,"_wandb":{"runtime":148},"epoch":4999,"test_loss":0.2501988521447901}