{"loss_ubcr":1.662827799009392e-06,"_step":4999,"epoch":4999,"learning_rate":7.69449752767131e-05,"loss_ubcl":1.3402409422269557e-06,"train_loss":3.086889773840085e-05,"test_loss":0.0005946543481562909,"_runtime":1740.56612184,"_timestamp":1.7430277079162269e+09,"loss_elliptic":2.2503212676383555e-05,"_wandb":{"runtime":1740},"loss_computation_time":0.0010635852813720703}