{"_runtime":11.955064516,"learning_rate":0.00027738957312183364,"epoch":4999,"loss_computation_time":0.0005650520324707031,"_step":4999,"train_loss":0.03503497689962387,"loss_ubcl":0.00028782777371816337,"loss_burgers":0.020730970427393913,"loss_uic":0.013686618767678738,"_timestamp":1.7428274716477463e+09,"loss_ubcr":0.000329560978570953,"_wandb":{"runtime":21}}