{"loss_ubcl":0.0007542193052358925,"learning_rate":0.0006634204312890621,"loss_burgers":0.032264843583106995,"epoch":1499,"loss_uic":0.016226138919591904,"_wandb":{"runtime":4},"train_loss":0.05014041066169739,"loss_computation_time":0.0006163120269775391,"loss_ubcr":0.0008952090865932405,"_timestamp":1.7424945184392812e+09,"_runtime":4.10828887,"_step":1499}