{"_timestamp":1.7352328225785344e+09,"loss_ubcr":1.3690842024516314e-05,"loss_ubcl":1.3827256225340534e-05,"test_loss":0.001426378030726279,"loss_elliptic":7.243845902848989e-05,"_step":4999,"learning_rate":7.69449752767131e-05,"epoch":4999,"train_loss":0.00012771436740877107,"_runtime":538.871098161,"loss_computation_time":0.0022764205932617188,"_wandb":{"runtime":538}}