{"loss_computation_time":0.004235982894897461,"learning_rate":7.69449752767131e-05,"_timestamp":1.7406911591966834e+09,"_wandb":{"runtime":32},"train_loss":0.01780376024544239,"_step":4999,"epoch":4999,"loss_buergers":0.007705697789788246,"loss_ubcr":2.118253723892849e-05,"loss_uic":0.01005808636546135,"loss_ubcl":1.8794293282553554e-05,"_runtime":32.680011263}