{"learning_rate":0.0007737809374999998,"_timestamp":1.7448183093844912e+09,"test_loss":0.026368819693715292,"epoch":4999,"loss_computation_time":0.007430076599121094,"loss_elliptic":0.000528627831954509,"_wandb":{"runtime":714},"_runtime":714.401509035,"loss_ubcr":9.124739881372079e-05,"_step":4999,"train_loss":0.0006655878969468176,"loss_ubcl":4.571268073050305e-05}