{"loss_computation_time":0.0074656009674072266,"_wandb":{"runtime":118},"epoch":4999,"_step":4999,"learning_rate":7.69449752767131e-05,"loss_uic":18.123737335205078,"loss_heat":2.982459306716919,"loss_ubcr":0.39274799823760986,"train_loss":21.670469284057617,"loss_ubcl":0.171523317694664,"_timestamp":1.7425052073638835e+09,"_runtime":118.994815455}