{"train_loss":0.00035986404691357166,"_runtime":180.134174617,"test_loss":0.0028713618474050726,"_step":4999,"learning_rate":7.69449752767131e-05,"loss_ubcr":2.7160029276274145e-05,"_wandb":{"runtime":180},"loss_computation_time":0.0010442733764648438,"loss_elliptic":0.00023865066759753972,"loss_ubcl":1.9269065887783654e-05,"epoch":4999,"_timestamp":1.743080985191418e+09}