{"loss_heat":4.554998397827148,"loss_ubcr":0.24819335341453552,"_step":4999,"epoch":4999,"loss_computation_time":0.0016291141510009766,"_wandb":{"runtime":67},"learning_rate":0.01,"loss_uic":5.238775253295898,"_timestamp":1.7430239576830602e+09,"loss_ubcl":0.04448946192860603,"train_loss":10.086457252502441,"_runtime":30.433702305}