{"test_loss":0.0005946543481562909,"learning_rate":7.69449752767131e-05,"_step":4999,"epoch":4999,"train_loss":3.086889773840085e-05,"_timestamp":1.743015076829051e+09,"loss_computation_time":0.0011034011840820312,"_wandb":{"runtime":1794},"_runtime":1794.596076702,"loss_elliptic":2.2503212676383555e-05,"loss_ubcr":1.662827799009392e-06,"loss_ubcl":1.3402409422269557e-06}