{"_wandb":{"runtime":977},"_runtime":977.908388548,"_step":49999,"loss_ubcr":0.015218138694763184,"loss_ubcl":0.004801552277058363,"epoch":49999,"loss_computation_time":0.006982326507568359,"loss_heat":0.44342538714408875,"train_loss":0.5344918370246887,"learning_rate":7.274491561439046e-15,"_timestamp":1.7424966735820768e+09,"loss_uic":0.07104671001434326}