{"_step":4999,"test_loss":0.24835284436181643,"_wandb":{"runtime":195},"loss_ubcr":0.0002239781169919297,"learning_rate":7.69449752767131e-05,"loss_computation_time":0.004357576370239258,"loss_elliptic":1.400770059944989e-07,"epoch":4999,"_timestamp":1.744577787120734e+09,"_runtime":195.362821202,"loss_ubcl":0.00015140351024456322,"train_loss":0.0003755217185243964}