{"_timestamp":1.7448199329537861e+09,"_step":4999,"train_loss":0.004851682111620903,"epoch":4999,"_wandb":{"runtime":717},"_runtime":717.972448172,"loss_computation_time":0.009477853775024414,"loss_ubcr":0.00017649952496867627,"test_loss":0.05062376848504237,"loss_elliptic":0.004521481692790985,"loss_ubcl":0.0001537007774459198,"learning_rate":0.0007737809374999998}