{"loss_ubcr":0.0002008569281315431,"_timestamp":1.7430242387335322e+09,"loss_ubcl":9.775681974133477e-05,"train_loss":0.0007553445175290108,"loss_elliptic":0.0004567307769320905,"epoch":4999,"_wandb":{"runtime":112},"_step":4999,"test_loss":0.006791285467336577,"loss_computation_time":0.002073049545288086,"learning_rate":7.69449752767131e-05,"_runtime":112.798523603}