{"epoch":49999,"train_loss":0.6177188754081726,"_step":49999,"loss_ubcr":0.019682634621858597,"_wandb":{"runtime":260},"_runtime":260.560311033,"learning_rate":7.274491561439046e-15,"loss_heat":0.4558566212654114,"loss_ubcl":0.0056648822501301765,"_timestamp":1.7425041931644785e+09,"loss_uic":0.13651470839977264,"loss_computation_time":0.0016620159149169922}