{"_step":4999,"loss_elliptic":0.0002438667870592326,"_runtime":119.550964728,"learning_rate":0.001,"_wandb":{"runtime":119},"epoch":4999,"test_loss":0.004858293886611763,"loss_ubcr":9.794634388526902e-05,"loss_ubcl":3.536271469783969e-05,"train_loss":0.00037717586383223534,"loss_computation_time":0.005667209625244141,"_timestamp":1.735231488593361e+09}