{"train_loss":0.03480591997504234,"learning_rate":0.00046329123015975297,"loss_uic":0.016344362869858742,"loss_burgers":0.017687225714325905,"loss_ubcl":0.00033793639158830047,"_step":1499,"loss_computation_time":0.004755973815917969,"_runtime":20.208296627,"epoch":1499,"_wandb":{"runtime":20},"_timestamp":1.7406983981352134e+09,"loss_ubcr":0.0004363971820566803}