{"loss_elliptic":0.0004567307769320905,"loss_ubcr":0.0002008569281315431,"loss_computation_time":0.002733945846557617,"train_loss":0.0007553445175290108,"learning_rate":7.69449752767131e-05,"_wandb":{"runtime":113},"loss_ubcl":9.775681974133477e-05,"_runtime":113.014186111,"_timestamp":1.743080796700406e+09,"epoch":4999,"_step":4999,"test_loss":0.006791285467336577}