{"epoch":4999,"loss_ubcl":4.5560656872112304e-05,"loss_ubcr":0.00015667594561818987,"train_loss":0.024831753224134445,"loss_uic":0.012141176499426365,"learning_rate":7.69449752767131e-05,"_step":4999,"_runtime":25.282851331,"loss_burgers":0.012488340027630329,"_wandb":{"runtime":25},"loss_computation_time":0.0015902519226074219,"_timestamp":1.7406965985513728e+09}