{"_wandb":{"runtime":6329},"loss_ubcl":2.8236815552418193e-08,"test_loss":0.18432398256123297,"_runtime":6329.29342522,"loss_ubcr":7.188064898855373e-08,"train_loss":2.729846710280981e-05,"loss_computation_time":0.011083841323852539,"_step":49999,"epoch":49999,"_timestamp":1.7445900148106875e+09,"learning_rate":0.00027738957312183364,"loss_elliptic":2.7198349926038645e-05}