{"_wandb":{"runtime":698},"loss_ubcl":0.00017513173224870116,"_step":4999,"loss_computation_time":0.005453586578369141,"_timestamp":1.7448173260336604e+09,"learning_rate":0.0007737809374999998,"loss_ubcr":0.00032722062314860523,"train_loss":0.0006621129577979445,"test_loss":0.1434681701284241,"loss_elliptic":0.00015976055874489248,"_runtime":698.436965398,"epoch":4999}