{"loss_ubcr":0.36279577016830444,"loss_heat":4.0001678466796875,"loss_uic":14.170987129211426,"train_loss":18.79877281188965,"_wandb":{"runtime":87},"loss_computation_time":0.005249500274658203,"epoch":4999,"loss_ubcl":0.26482412219047546,"_runtime":87.608604186,"learning_rate":7.69449752767131e-05,"_timestamp":1.7428269772501488e+09,"_step":4999}