{"loss_cond":0.006240136455744505,"weight_w0":0.20017042756080627,"weight_u0":0.20001128315925598,"weight_v0":0.1999533325433731,"loss_u0":2.4425158500671387,"_wandb":{"runtime":491},"epoch":63,"_timestamp":1.7342100417859678e+09,"weight_cond":0.19992467761039734,"_runtime":482.822132887,"_step":191,"loss_nvs":0.0858558863401413,"loss_computation_time":2.9574332237243652,"weight_nvs":0.1999402940273285,"learning_rate":0.001,"train_loss":1.337456226348877,"loss_w0":1.6196799278259277,"loss_v0":2.5320894718170166}