{"train_loss":0.00021498558053281158,"loss_ubcl":5.847281840942742e-07,"_wandb":{"runtime":18974},"loss_ubcr":1.3984671340949717e-06,"_step":49999,"_runtime":18974.736542173,"test_loss":0.16063693228694367,"_timestamp":1.7446314952836478e+09,"learning_rate":0.00027738957312183364,"loss_elliptic":0.000312025542370975,"epoch":49999,"loss_computation_time":0.006961345672607422}