{"test_loss":0.0006176233704778287,"loss_ubcl":1.3290275546751218e-06,"_timestamp":1.7430296566310868e+09,"learning_rate":7.69449752767131e-05,"loss_computation_time":0.001140594482421875,"loss_elliptic":2.1570145690930076e-05,"loss_ubcr":1.7049103462341009e-06,"_runtime":1654.207293834,"epoch":4999,"train_loss":3.0726251733379764e-05,"_wandb":{"runtime":1654},"_step":4999}