{"test_loss":0.006796044581652455,"loss_elliptic":0.0004569317970890552,"_timestamp":1.7407416253100872e+09,"learning_rate":7.69449752767131e-05,"_runtime":133.960560998,"epoch":4999,"_wandb":{"runtime":133},"loss_ubcl":9.76137671386823e-05,"train_loss":0.0007565455744042993,"loss_ubcr":0.00020200005383230746,"_step":4999,"loss_computation_time":0.0029506683349609375}