{"_step":4999,"loss_ubcr":0.0007538255304098129,"_timestamp":1.7448163706429827e+09,"loss_computation_time":0.006435871124267578,"_wandb":{"runtime":637},"train_loss":0.0033835899084806442,"loss_ubcl":0.0007204712019301951,"loss_elliptic":0.0019092931179329753,"_runtime":637.006913962,"test_loss":0.14277318522702903,"learning_rate":0.000857375,"epoch":4999}