{"_runtime":13.68011434,"epoch":1499,"learning_rate":0.0006634204312890621,"loss_ubcl":0.0006101690814830363,"_wandb":{"runtime":13},"loss_computation_time":0.0021474361419677734,"loss_burgers":0.016445135697722435,"train_loss":0.03401297703385353,"loss_ubcr":0.0006366926245391369,"_timestamp":1.7424945375755444e+09,"loss_uic":0.016320979222655296,"_step":1499}