{"loss_elliptic":2.1570145690930076e-05,"train_loss":3.0726251733379764e-05,"learning_rate":7.69449752767131e-05,"_wandb":{"runtime":1709},"loss_ubcr":1.7049103462341009e-06,"_timestamp":1.7352362896437385e+09,"_runtime":1709.551164932,"loss_computation_time":0.0010454654693603516,"_step":4999,"loss_ubcl":1.3290275546751218e-06,"epoch":4999,"test_loss":0.0006176233704778287}