{"_timestamp":1.7352345770345411e+09,"_step":4999,"loss_ubcl":1.257288317901839e-06,"_runtime":1043.484210412,"train_loss":3.6952472328266595e-05,"loss_ubcr":3.0938278996472945e-06,"learning_rate":7.69449752767131e-05,"epoch":4999,"loss_computation_time":0.0013294219970703125,"loss_elliptic":2.5198418370564468e-05,"_wandb":{"runtime":1043},"test_loss":0.0007996636234554207}