{"epoch":4999,"train_loss":0.0007553445175290108,"_timestamp":1.7430279984893847e+09,"_runtime":120.088790341,"test_loss":0.006791285467336577,"loss_elliptic":0.0004567307769320905,"loss_computation_time":0.00284576416015625,"_step":4999,"loss_ubcl":9.775681974133477e-05,"_wandb":{"runtime":120},"learning_rate":7.69449752767131e-05,"loss_ubcr":0.0002008569281315431}