{"loss_uic":0.01450501661747694,"loss_burgers":0.015112201683223248,"train_loss":0.0299798846244812,"_step":1499,"_runtime":22.292776848,"loss_ubcr":0.00017099142132792622,"_wandb":{"runtime":22},"epoch":1499,"learning_rate":0.0006634204312890621,"loss_computation_time":0.00465083122253418,"_timestamp":1.7406993941291728e+09,"loss_ubcl":0.00019167565915267915}