{"loss_ubcr":5.020877779315924e-06,"_timestamp":1.7406970531563115e+09,"_runtime":250.589513654,"loss_uic":0.004382919520139694,"loss_ubcl":3.83195947506465e-06,"loss_burgers":0.0018365299329161644,"train_loss":0.006228302139788866,"epoch":49999,"loss_computation_time":0.0034532546997070312,"learning_rate":7.274491561439046e-15,"_wandb":{"runtime":250},"_step":49999}