{"test_loss":0.10542408160241945,"_runtime":519.88375244,"epoch":4999,"_wandb":{"runtime":519},"train_loss":0.00018687402189243585,"loss_ubcl":8.508154860464856e-05,"loss_computation_time":0.005181074142456055,"loss_ubcr":9.513999248156324e-05,"_timestamp":1.7448190600244546e+09,"loss_elliptic":6.6524835347081535e-06,"_step":4999,"learning_rate":0.0007737809374999998}