{"loss_ubcr":2.7182113626622595e-05,"train_loss":0.0003566135710570961,"loss_computation_time":0.0034775733947753906,"learning_rate":7.69449752767131e-05,"_step":4999,"test_loss":0.002857682145776525,"_runtime":188.125376568,"loss_elliptic":0.00023668604262638837,"loss_ubcl":1.9147451894241385e-05,"_wandb":{"runtime":188},"_timestamp":1.735231912147035e+09,"epoch":4999}