{"weight_nvs":1.2029059935154574,"_runtime":28.8569434,"loss_computation_time":0.10700464248657227,"nvs":0.003987235948443413,"weight_cond":0.9762472167132913,"epoch":100,"_wandb":{"runtime":30},"_timestamp":1.7416377816682227e+09,"weight_w0":0.9736192007643905,"cond":0.0075468444265425205,"_step":100,"w0":0.01268056035041809,"train_loss":0.024509893730282784,"learning_rate":0.001}