{"epoch":4999,"learning_rate":7.69449752767131e-05,"_step":4999,"train_loss":0.0007553445175290108,"loss_ubcl":9.775681974133477e-05,"_timestamp":1.743013278925074e+09,"test_loss":0.006791285467336577,"loss_ubcr":0.0002008569281315431,"_wandb":{"runtime":124},"loss_computation_time":0.002982616424560547,"_runtime":124.950421005,"loss_elliptic":0.0004567307769320905}