{"epoch":4999,"learning_rate":7.69449752767131e-05,"_step":4999,"_timestamp":1.743025924240038e+09,"_wandb":{"runtime":1682},"_runtime":1682.257245848,"loss_ubcr":1.7049103462341009e-06,"loss_ubcl":1.3290275546751218e-06,"loss_computation_time":0.0011572837829589844,"train_loss":3.0726251733379764e-05,"test_loss":0.0006176233704778287,"loss_elliptic":2.1570145690930076e-05}