{"loss_computation_time":0.0020537376403808594,"loss_burgers":0.006985689979046583,"learning_rate":0.00027738957312183364,"_timestamp":1.74282684272438e+09,"loss_uic":0.009177320636808872,"_step":4999,"_runtime":42.470707237,"epoch":4999,"_wandb":{"runtime":42},"loss_ubcr":6.259506335482001e-05,"loss_ubcl":9.03910695342347e-05,"train_loss":0.016315994784235954}