{"_step":1499,"learning_rate":0.0006634204312890621,"loss_computation_time":0.0017857551574707031,"loss_uic":0.018257999792695045,"train_loss":0.039755918085575104,"loss_burgers":0.020817989483475685,"_wandb":{"runtime":8},"loss_ubcl":0.0002904405118897557,"_timestamp":1.740698736343676e+09,"loss_ubcr":0.00038948727888055146,"epoch":1499,"_runtime":8.542758715}