{"_timestamp":1.7425038946307445e+09,"_runtime":4.278649038,"loss_ubcl":0.001567806932143867,"epoch":1499,"loss_ubcr":0.00041268474888056517,"train_loss":0.05466100573539734,"_step":1499,"loss_burgers":0.03479132056236267,"learning_rate":0.0006634204312890621,"loss_computation_time":0.0005862712860107422,"_wandb":{"runtime":4},"loss_uic":0.017889192327857018}