{"_wandb":{"runtime":13},"loss_computation_time":0.0006742477416992188,"learning_rate":0.00027738957312183364,"loss_burgers":0.011479377746582031,"loss_ubcl":0.00014218146679922938,"_step":4999,"loss_ubcr":0.00017774355364963412,"loss_uic":0.01197391003370285,"_runtime":13.21609268,"train_loss":0.023773211985826492,"epoch":4999,"_timestamp":1.7425050031449358e+09}