{"_wandb":{"runtime":66},"loss_nvs":0.0013639901479085286,"weights_u0":1,"_step":9,"weights_v0":1,"weights_w0":1,"weights_cont":1,"loss_u0":0.0013278456528981527,"weights_nvs":1,"loss_w0":0.0026609237988789876,"loss_computation_time":2.3164236545562744,"learning_rate":0.001,"train_loss":0.007260828018188476,"loss_cont":0.0003788843552271525,"_runtime":66.417246942,"epoch":9,"_timestamp":1.7332524271692648e+09,"loss_v0":0.0015291838645935059}