{"_timestamp":1.7406927047050984e+09,"_runtime":217.582785268,"loss_heat":3.7735373973846436,"loss_ubcr":0.34144604206085205,"loss_computation_time":0.024280786514282227,"_step":4999,"epoch":4999,"_wandb":{"runtime":217},"learning_rate":7.69449752767131e-05,"loss_ubcl":0.2827707827091217,"loss_uic":17.96128273010254,"train_loss":22.35903549194336}