{"loss_ubcl":0.0012742421822622418,"_runtime":10.607198062,"learning_rate":0.01,"loss_computation_time":0.002972126007080078,"_timestamp":1.7428309299150302e+09,"loss_uic":0.010448706336319447,"_step":1199,"train_loss":0.019298365339636803,"_wandb":{"runtime":69},"loss_ubcr":0.00011129004269605502,"loss_burgers":0.007464127149432898,"epoch":1199}