{"_timestamp":1.7430278744286838e+09,"loss_computation_time":0.004327297210693359,"train_loss":0.0007565455744042993,"_wandb":{"runtime":120},"learning_rate":7.69449752767131e-05,"test_loss":0.006796044581652455,"epoch":4999,"loss_ubcl":9.76137671386823e-05,"loss_ubcr":0.00020200005383230746,"_runtime":120.810046907,"_step":4999,"loss_elliptic":0.0004569317970890552}