{"_wandb":{"runtime":12},"_step":1499,"loss_ubcl":0.0010372974211350083,"loss_uic":0.015882257372140884,"train_loss":0.03517821431159973,"loss_ubcr":0.0006334194913506508,"learning_rate":0.0006634204312890621,"_runtime":12.304212592,"loss_burgers":0.017625242471694946,"epoch":1499,"_timestamp":1.74250391025215e+09,"loss_computation_time":0.005639553070068359}