{"loss_ubcr":1.662827799009392e-06,"_timestamp":1.7430313418975995e+09,"train_loss":3.086889773840085e-05,"loss_elliptic":2.2503212676383555e-05,"_runtime":1641.796656561,"test_loss":0.0005946543481562909,"loss_computation_time":0.001020669937133789,"loss_ubcl":1.3402409422269557e-06,"_step":4999,"learning_rate":7.69449752767131e-05,"_wandb":{"runtime":1641},"epoch":4999}