{"_step":4999,"_wandb":{"runtime":41},"loss_ubcl":0.11359308660030365,"loss_computation_time":0.0057833194732666016,"epoch":4999,"loss_heat":3.960118055343628,"learning_rate":7.69449752767131e-05,"loss_uic":27.05661964416504,"_runtime":41.800907625,"train_loss":31.293466567993164,"loss_ubcr":0.16313821077346802,"_timestamp":1.7406919876434376e+09}