{"_runtime":4.148469045,"_timestamp":1.7425023267726328e+09,"learning_rate":0.0006634204312890621,"loss_computation_time":0.0008511543273925781,"loss_uic":0.019942324608564377,"epoch":1499,"train_loss":0.05616820976138115,"_step":1499,"_wandb":{"runtime":4},"loss_ubcr":0.003212110372260213,"loss_ubcl":0.0018239363562315702,"loss_burgers":0.031189842149615288}