{"loss_computation_time":0.0021228790283203125,"loss_uic":10.539474487304688,"loss_ubcl":0.12987598776817322,"loss_heat":9.668818473815918,"loss_ubcr":0.4829048812389374,"epoch":4999,"_wandb":{"runtime":52},"_timestamp":1.7430212121836226e+09,"train_loss":20.821073532104492,"learning_rate":0.01,"_runtime":18.105763198,"_step":4999}