{"loss_computation_time":0.003353595733642578,"loss_ubcl":0.09548543393611908,"learning_rate":7.274491561439046e-15,"_wandb":{"runtime":431},"loss_uic":3.9249162673950195,"_runtime":431.047497912,"epoch":49999,"_step":49999,"train_loss":8.429987907409668,"loss_heat":4.230444431304932,"_timestamp":1.7406939168442206e+09,"loss_ubcr":0.17914080619812012}