{"loss_computation_time":0.0052492618560791016,"loss_elliptic":0.0004569317970890552,"_wandb":{"runtime":117},"loss_ubcr":0.00020200005383230746,"loss_ubcl":9.76137671386823e-05,"train_loss":0.0007565455744042993,"_runtime":117.088177263,"_timestamp":1.7352317209155574e+09,"learning_rate":7.69449752767131e-05,"epoch":4999,"_step":4999,"test_loss":0.006796044581652455}