{"loss_ubcl":3.3221982448594645e-05,"loss_burgers":0.00652789743617177,"_timestamp":1.7428275283173752e+09,"train_loss":0.016540609300136566,"_step":4999,"_runtime":44.202888415,"loss_computation_time":0.0031502246856689453,"learning_rate":0.00027738957312183364,"loss_uic":0.009964198805391788,"_wandb":{"runtime":94},"loss_ubcr":1.529083601781167e-05,"epoch":4999}