{"epoch":4999,"test_loss":0.001450373660013366,"loss_elliptic":3.750126779777929e-05,"_runtime":365.193094531,"loss_computation_time":0.002367734909057617,"_timestamp":1.7352322807106285e+09,"train_loss":9.220932406606153e-05,"_wandb":{"runtime":365},"learning_rate":7.69449752767131e-05,"loss_ubcr":5.8866744439001195e-06,"loss_ubcl":2.98400459541881e-06,"_step":4999}