{"_runtime":13873.876578134,"loss_ubcl":1.940816929391076e-07,"test_loss":0.16927993876398745,"loss_computation_time":0.0050275325775146484,"learning_rate":0.00027738957312183364,"train_loss":0.00012242967568454333,"_step":49999,"_wandb":{"runtime":13873},"loss_elliptic":7.263936277013272e-05,"loss_ubcr":1.9367438142126048e-07,"epoch":49999,"_timestamp":1.7446125141918638e+09}