{"epoch":1499,"train_loss":0.029562674462795258,"learning_rate":0.0006634204312890621,"loss_computation_time":0.005453586578369141,"loss_ubcr":0.0002927691675722599,"loss_burgers":0.014021309092640877,"_step":1499,"loss_uic":0.014913235791027546,"_timestamp":1.740698760992495e+09,"_runtime":21.478255896,"_wandb":{"runtime":21},"loss_ubcl":0.0003353591891936958}