{"loss_ubcr":5.296554945743992e-07,"_timestamp":1.7445986340633454e+09,"learning_rate":0.00027738957312183364,"loss_elliptic":0.0001417501480318606,"loss_computation_time":0.005660533905029297,"_step":49999,"_runtime":8612.697850832,"test_loss":0.21038142039554245,"train_loss":0.000123066442029085,"_wandb":{"runtime":8612},"epoch":49999,"loss_ubcl":8.271918972013736e-08}